"","Rank","Name","Offense per 100","Defense per 100","Off+Def per 200","2y proj.","Error of estimation (RMSE)","'14 Possessions"
"1","1","Andre Iguodala","0.8","5.5","6.3","5.9","1.5","6590"
"2","2","Chris Paul","4.0","1.8","5.8","5.6","1.8","6173"
"3","3","LeBron James","6.2","-0.6","5.6","5.3","1.8","8000"
"4","4","Patrick Beverley","2.8","2.5","5.3","5.5","2.1","5408"
"5","5","Kevin Love","4.1","1.0","5.1","5.3","1.8","8518"
"6","6","Manu Ginobili","4.4","0.3","4.7","3.7","1.8","4636"
"7","7","Stephen Curry","3.6","0.7","4.3","4.5","1.9","8712"
"8","8","Mike Conley","2.8","1.5","4.2","4.3","1.9","6582"
"9","9","Amir Johnson","1.6","2.6","4.2","4.2","1.8","6165"
"10","10","Blake Griffin","2.6","1.5","4.1","4.4","1.8","9063"
"11","11","Dirk Nowitzki","2.9","1.0","3.9","3.0","1.6","7547"
"12","12","Tony Parker","2.0","1.9","3.8","3.3","1.8","6106"
"13","13","Kevin Durant","3.5","0.3","3.8","4.0","1.9","9339"
"14","14","LaMarcus Aldridge","1.4","2.3","3.7","3.5","1.9","8076"
"15","15","Vince Carter","1.3","2.4","3.7","2.7","1.6","5795"
"16","16","DeMarre Carroll","1.3","2.2","3.6","3.5","1.9","6440"
"17","17","George Hill","1.9","1.7","3.6","3.5","1.8","6559"
"18","18","Taj Gibson","1.1","2.3","3.4","3.2","1.7","6338"
"19","19","Channing Frye","3.5","-0.1","3.4","2.9","1.9","6695"
"20","20","Nick Collison","2.1","1.1","3.2","2.4","1.8","4082"
"21","21","Patrick Mills","1.8","1.3","3.2","3.3","2.0","4389"
"22","22","Tim Duncan","-0.3","3.4","3.1","2.0","1.9","6517"
"23","23","James Harden","4.3","-1.2","3.1","3.5","1.5","8011"
"24","24","Chris Andersen","1.3","1.7","3.0","2.1","2.0","3627"
"25","25","Dwyane Wade","0.8","2.1","2.9","2.3","1.6","5495"
"26","26","John Wall","2.2","0.8","2.9","3.5","1.7","8704"
"27","27","Marcin Gortat","0.9","2.0","2.9","2.5","1.7","7666"
"28","28","Mario Chalmers","0.8","2.0","2.9","2.8","1.9","5856"
"29","29","Matt Barnes","2.2","0.7","2.8","2.0","1.7","4571"
"30","30","Derrick Rose","2.2","0.6","2.8","3.1","2.1","1062"
"31","31","Dwight Howard","-0.6","3.3","2.7","2.5","1.6","8136"
"32","32","Chris Bosh","0.5","2.2","2.7","2.3","1.7","6886"
"33","33","Paul Pierce","-0.1","2.7","2.6","1.6","1.7","5902"
"34","34","Joe Johnson","2.1","0.4","2.5","1.8","1.6","7065"
"35","35","Carmelo Anthony","1.9","0.5","2.4","2.1","1.8","8770"
"36","36","Matt Bonner","2.6","-0.3","2.3","1.6","1.8","2220"
"37","37","Anderson Varejao","1.3","1.0","2.3","1.7","1.9","5308"
"38","38","Russell Westbrook","1.7","0.6","2.3","2.6","1.9","4093"
"39","39","Danny Granger","0.7","1.6","2.2","1.8","1.9","2675"
"40","40","Kevin Garnett","-2.0","4.2","2.2","1.2","1.7","3728"
"41","41","DeAndre Jordan","1.6","0.6","2.2","2.4","1.8","8955"
"42","42","Shane Battier","0.7","1.4","2.2","1.3","1.6","4332"
"43","43","Marc Gasol","-1.9","4.1","2.1","1.9","1.8","4639"
"44","44","Josh Smith","0.6","1.5","2.1","1.9","1.7","8703"
"45","45","Paul Millsap","0.2","2.0","2.1","1.9","1.7","6913"
"46","46","Draymond Green","-0.5","2.6","2.1","2.6","2.0","4968"
"47","47","Goran Dragic","2.0","0.1","2.1","2.0","1.7","7629"
"48","48","Ricky Rubio","0.4","1.6","2.0","2.6","1.8","7772"
"49","49","Tiago Splitter","-0.9","3.0","2.0","1.7","1.7","3429"
"50","50","Deron Williams","2.7","-0.7","2.0","1.7","1.7","5224"
"51","51","Kyle Lowry","1.5","0.5","2.0","1.9","1.7","8253"
"52","52","Metta World Peace","0.7","1.3","2.0","1.2","1.7","1486"
"53","53","Monta Ellis","2.3","-0.4","1.9","1.7","1.5","8942"
"54","54","Damian Lillard","3.2","-1.4","1.9","2.4","1.8","8627"
"55","55","Wesley Matthews","1.2","0.7","1.9","1.8","1.7","8197"
"56","56","Mike Dunleavy","0.8","1.1","1.9","1.1","1.7","6799"
"57","57","Omer Asik","-1.5","3.3","1.8","1.7","1.7","1948"
"58","58","C.J. Miles","0.5","1.3","1.8","1.9","1.7","3765"
"59","59","Paul George","-0.6","2.3","1.8","2.3","1.8","8326"
"60","60","Jae Crowder","0.1","1.6","1.7","2.2","1.9","3954"
"61","61","Brandan Wright","2.4","-0.7","1.7","1.8","2.0","2701"
"62","62","J.R. Smith","1.8","-0.1","1.7","1.5","1.7","6717"
"63","63","Landry Fields","-0.1","1.8","1.7","2.0","1.8","1128"
"64","64","Kobe Bryant","1.6","0.1","1.7","0.8","1.8","704"
"65","65","Pero Antic","-0.6","2.2","1.6","1.0","2.6","1977"
"66","66","Ty Lawson","2.2","-0.5","1.6","1.7","1.7","7021"
"67","67","Robin Lopez","-0.2","1.7","1.5","1.7","1.7","7543"
"68","68","Iman Shumpert","-0.1","1.6","1.5","2.1","1.7","5552"
"69","69","Roy Hibbert","-0.8","2.3","1.5","1.5","1.9","6918"
"70","70","Corey Brewer","1.6","-0.1","1.5","1.4","1.6","7853"
"71","71","Steve Novak","0.9","0.6","1.5","1.1","1.8","1342"
"72","72","Klay Thompson","1.3","0.2","1.5","1.9","1.8","8900"
"73","73","Al Horford","-0.1","1.5","1.4","1.3","1.8","3652"
"74","74","Eric Bledsoe","-2.0","3.4","1.4","1.8","1.9","3139"
"75","75","Raymond Felton","1.6","-0.2","1.4","1.0","1.6","5733"
"76","76","Joakim Noah","0.1","1.3","1.3","1.1","1.7","7295"
"77","77","Tony Allen","-1.1","2.4","1.3","0.7","1.8","3412"
"78","78","Tyson Chandler","-0.5","1.8","1.3","0.8","1.8","4515"
"79","79","Nikola Pekovic","0.6","0.8","1.3","1.1","1.8","6173"
"80","80","Devin Harris","0.7","0.6","1.3","0.8","1.8","1519"
"81","81","Danny Green","-0.4","1.7","1.3","1.3","1.7","4935"
"82","82","Gustavo Ayon","-1.0","2.2","1.2","1.0","1.9","1580"
"83","83","Jameer Nelson","1.8","-0.6","1.2","0.6","1.7","7033"
"84","84","Andre Miller","-0.9","2.0","1.2","0.1","1.7","2551"
"85","85","David West","-0.1","1.3","1.2","0.4","1.9","7014"
"86","86","Andrei Kirilenko","-0.0","1.2","1.2","0.4","2.0","2249"
"87","87","Zach Randolph","0.3","0.9","1.1","0.5","1.7","7379"
"88","88","Kyle Korver","0.6","0.5","1.1","0.4","1.6","7365"
"89","89","Ronnie Brewer","0.2","0.9","1.1","0.9","1.9","622"
"90","90","Brook Lopez","0.0","1.0","1.1","1.3","2.0","1975"
"91","91","Nene Hilario","-2.1","3.2","1.1","0.5","1.8","5626"
"92","92","Kirk Hinrich","-1.2","2.2","1.0","0.3","1.7","5463"
"93","93","Avery Bradley","-1.1","2.1","1.0","1.6","1.8","5475"
"94","94","Shavlik Randolph","0.6","0.4","1.0","0.5","2.6","109"
"95","95","Anthony Tolliver","-0.4","1.3","0.9","0.7","1.8","4386"
"96","96","Larry Sanders","-3.3","4.2","0.9","1.2","1.8","2211"
"97","97","Isaiah Thomas","1.6","-0.7","0.9","1.2","1.7","8299"
"98","98","Greg Monroe","0.3","0.6","0.9","1.4","1.8","7800"
"99","99","Kemba Walker","-0.4","1.2","0.8","1.4","1.7","7516"
"100","100","Nate Wolters","-1.2","2.0","0.8","1.4","2.3","4289"
"101","101","Jimmy Butler","0.0","0.8","0.8","1.1","1.8","6272"
"102","102","Ryan Hollins","-2.1","2.9","0.8","0.4","2.1","1776"
"103","103","Jason Thompson","0.3","0.4","0.8","0.7","1.8","6049"
"104","104","A.J. Price","-0.4","1.2","0.7","0.7","2.1","382"
"105","105","Derek Fisher","-1.5","2.2","0.7","-0.4","1.8","3897"
"106","106","Josh Harrellson","-1.5","2.2","0.7","1.1","2.3","1224"
"107","107","Serge Ibaka","-0.5","1.1","0.7","1.1","1.9","7876"
"108","108","Jrue Holiday","-1.0","1.7","0.6","1.3","1.6","4304"
"109","109","Jared Sullinger","-0.5","1.0","0.6","1.4","2.0","5962"
"110","110","Jeff Pendergraph","0.3","0.3","0.6","0.6","2.2","2872"
"111","111","Boris Diaw","0.3","0.2","0.6","-0.0","1.6","5801"
"112","112","Luol Deng","-0.4","0.9","0.5","0.3","1.6","6583"
"113","113","Andrew Bogut","-1.8","2.4","0.5","0.2","2.0","5865"
"114","114","Patrick Patterson","0.3","0.2","0.5","0.9","1.6","4959"
"115","115","Gordon Hayward","0.6","-0.1","0.5","1.0","1.8","7844"
"116","116","Reggie Jackson","-1.0","1.5","0.5","1.0","1.8","6871"
"117","117","Chris Johnson","-0.2","0.6","0.5","0.9","2.6","1496"
"118","118","Chandler Parsons","0.6","-0.2","0.4","0.7","1.7","8106"
"119","119","Trevor Ariza","-0.5","1.0","0.4","0.2","1.8","7826"
"120","120","Othyus Jeffers","-0.0","0.4","0.4","0.1","2.7","120"
"121","121","Chuck Hayes","-1.1","1.5","0.4","-0.0","1.9","1900"
"122","122","Shawne Williams","-0.6","1.0","0.4","0.3","2.2","2973"
"123","123","Ryan Anderson","2.4","-2.1","0.4","0.6","1.7","2953"
"124","124","Chris Douglas-Roberts","0.1","0.3","0.4","0.2","2.5","1994"
"125","125","Courtney Lee","0.1","0.2","0.4","0.1","1.6","5246"
"126","126","Kevin Martin","0.5","-0.1","0.3","-0.2","1.6","6797"
"127","127","Kenyon Martin","-2.4","2.7","0.3","-0.6","1.9","2295"
"128","128","Kosta Koufos","-1.6","1.9","0.3","0.7","1.7","4053"
"129","129","Jeff Withey","-0.1","0.5","0.3","0.7","2.7","1324"
"130","130","Toure' Murry","-0.8","1.1","0.3","0.5","2.6","1109"
"131","131","Shaun Livingston","-0.4","0.7","0.3","0.1","1.7","5357"
"132","132","Andray Blatche","0.2","0.1","0.3","0.2","1.8","4461"
"133","133","Greivis Vasquez","0.3","-0.0","0.3","0.3","1.7","4570"
"134","134","Rudy Gay","0.3","-0.0","0.3","0.2","1.6","7434"
"135","135","DeMarcus Cousins","-0.9","1.2","0.3","0.8","1.8","6582"
"136","136","Chase Budinger","0.0","0.2","0.3","0.5","2.0","1952"
"137","137","Chris Kaman","-2.2","2.4","0.2","-0.3","1.7","2563"
"138","138","Luc Mbah a Moute","-1.4","1.7","0.2","0.2","1.8","2863"
"139","139","Ekpe Udoh","-1.7","1.9","0.2","0.3","1.8","2567"
"140","140","Thaddeus Young","0.4","-0.2","0.2","0.4","1.7","7986"
"141","141","David Lee","0.4","-0.2","0.2","-0.3","1.8","7696"
"142","142","Nicolas Batum","1.0","-0.8","0.2","0.4","1.8","8622"
"143","143","Donatas Motiejunas","-0.5","0.6","0.1","0.6","2.3","2433"
"144","144","Marvin Williams","-0.3","0.4","0.1","0.0","1.7","4937"
"145","145","Nikola Vucevic","-1.4","1.5","0.1","0.6","1.8","5552"
"146","146","Joel Anthony","-1.0","1.1","0.1","-0.4","1.9","360"
"147","147","Nate Robinson","1.1","-1.1","0.0","-0.3","1.7","3355"
"148","148","Gerald Wallace","-2.0","2.0","0.0","-0.5","1.6","5405"
"149","149","Ian Clark","-1.0","1.0","0.0","0.6","2.7","371"
"150","150","Pau Gasol","-0.3","0.4","0.0","-0.7","1.6","6808"
"151","151","Lance Stephenson","-0.2","0.2","0.0","0.5","1.7","8047"
"152","152","Al Jefferson","0.8","-0.8","0.0","-0.3","1.8","6857"
"153","153","Dion Waiters","0.6","-0.6","-0.0","0.7","1.9","5366"
"154","154","Ray McCallum","0.5","-0.6","-0.0","0.5","2.7","966"
"155","155","Al-Farouq Aminu","-2.3","2.2","-0.1","0.5","1.9","5696"
"156","156","Jason Maxiell","-1.9","1.8","-0.1","-0.5","1.9","1819"
"157","157","DeMar DeRozan","-0.4","0.3","-0.1","0.3","1.7","8159"
"158","158","Shelvin Mack","0.3","-0.4","-0.1","0.3","2.0","4064"
"159","159","Joel Freeland","-0.5","0.4","-0.1","-0.1","2.2","2734"
"160","160","Samuel Dalembert","-1.5","1.4","-0.1","-0.8","1.8","4705"
"161","161","J.J. Redick","1.6","-1.7","-0.1","-0.4","1.6","3410"
"162","162","Pablo Prigioni","-0.1","-0.1","-0.1","-1.1","1.9","3560"
"163","163","Alec Burks","-0.4","0.3","-0.1","0.6","1.9","6545"
"164","164","Rajon Rondo","-0.3","0.1","-0.2","-0.2","1.8","2024"
"165","165","Hilton Armstrong","-0.5","0.4","-0.2","-0.6","2.8","135"
"166","166","Ryan Kelly","0.4","-0.6","-0.2","0.4","2.4","3135"
"167","167","Kawhi Leonard","-1.0","0.8","-0.2","0.6","1.7","5299"
"168","168","Earl Watson","-1.3","1.1","-0.2","-1.0","2.1","367"
"169","169","Steve Nash","-1.3","1.1","-0.2","-1.3","1.8","937"
"170","170","Reggie Bullock","-0.9","0.7","-0.2","0.4","2.6","1098"
"171","171","Robbie Hummel","-0.7","0.4","-0.2","-0.0","2.6","1379"
"172","172","Dewayne Dedmon","-0.5","0.2","-0.3","-0.0","2.7","616"
"173","173","Norris Cole","-0.7","0.5","-0.3","-0.0","1.8","5456"
"174","174","C.J. McCollum","0.2","-0.5","-0.3","0.3","2.6","1349"
"175","175","Luigi Datome","-0.6","0.4","-0.3","-0.3","2.7","729"
"176","176","Michael Kidd-Gilchrist","-1.4","1.1","-0.3","0.8","1.9","4003"
"177","177","Tayshaun Prince","-0.4","0.1","-0.3","-1.1","1.6","5596"
"178","178","Andre Drummond","0.6","-0.9","-0.4","0.7","1.9","7742"
"179","179","Chris Babb","-0.9","0.6","-0.4","-0.1","2.6","158"
"180","180","Alexis Ajinca","-0.6","0.2","-0.4","-0.3","2.6","2272"
"181","181","Zaza Pachulia","-1.5","1.1","-0.4","-0.8","1.7","3052"
"182","182","Jeff Adrien","-0.3","-0.1","-0.4","-0.6","2.2","1641"
"183","183","Jason Smith","-0.9","0.5","-0.4","-0.5","1.9","3084"
"184","184","Lorenzo Brown","-1.2","0.8","-0.4","-0.0","2.7","915"
"185","185","C.J. Watson","-0.7","0.2","-0.5","-0.8","1.7","4310"
"186","186","Hedo Turkoglu","-0.4","-0.1","-0.5","-1.3","2.1","931"
"187","187","Chris Smith","-0.5","-0.0","-0.5","-0.6","2.7","8"
"188","188","Marcus Morris","-0.2","-0.2","-0.5","-0.2","1.9","5243"
"189","189","Garrett Temple","-1.4","0.9","-0.5","-0.6","2.2","2263"
"190","190","Jamal Crawford","0.3","-0.8","-0.5","-1.3","1.6","7270"
"191","191","Mason Plumlee","0.6","-1.1","-0.5","-0.1","2.5","2878"
"192","192","Antawn Jamison","0.2","-0.7","-0.5","-1.5","1.7","964"
"193","193","Steve Blake","-1.2","0.7","-0.5","-1.3","1.8","4299"
"194","194","Evan Fournier","-1.4","0.9","-0.5","0.3","2.2","4093"
"195","195","Josh Childress","-0.3","-0.2","-0.6","-0.9","2.4","88"
"196","196","Mo Williams","-0.6","0.0","-0.6","-1.1","1.7","5540"
"197","197","Mike Harris","-1.1","0.5","-0.6","-1.2","2.6","862"
"198","198","Toney Douglas","-0.6","0.0","-0.6","-0.7","1.9","1274"
"199","199","Al Harrington","-0.6","0.0","-0.6","-1.4","2.0","860"
"200","200","Chris Copeland","0.6","-1.2","-0.6","-1.0","2.3","542"
"201","201","Perry Jones","-0.8","0.1","-0.6","-0.0","2.4","2467"
"202","202","Wilson Chandler","0.3","-0.9","-0.7","-0.7","1.9","6501"
"203","203","Thabo Sefolosha","-1.8","1.2","-0.7","-1.0","1.8","5747"
"204","204","Timofey Mozgov","-0.6","-0.1","-0.7","-0.8","2.0","4958"
"205","205","Greg Oden","-0.9","0.2","-0.7","-0.7","2.6","483"
"206","206","Louis Williams","1.3","-1.9","-0.7","-0.7","1.7","4189"
"207","207","Kentavious Caldwell-Pope","-1.6","1.0","-0.7","0.3","2.3","5000"
"208","208","Jared Dudley","-1.5","0.8","-0.7","-0.9","1.6","6042"
"209","209","Jermaine O'Neal","-2.4","1.7","-0.7","-1.6","2.0","2284"
"210","210","Seth Curry","-0.5","-0.2","-0.7","-0.3","2.8","15"
"211","211","Charlie Villanueva","0.0","-0.8","-0.7","-1.0","2.3","524"
"212","212","John Salmons","-2.1","1.4","-0.7","-1.5","1.7","5035"
"213","213","Wayne Ellington","-0.1","-0.6","-0.7","-0.6","1.7","1329"
"214","214","Jeff Teague","-0.8","0.1","-0.7","-0.5","1.8","7134"
"215","215","Arinze Onuaku","-0.1","-0.6","-0.7","-0.8","2.8","115"
"216","216","Dionte Christmas","-0.1","-0.6","-0.7","-0.9","2.6","705"
"217","217","Robert Covington","-0.4","-0.3","-0.7","-0.3","2.8","77"
"218","218","Andrew Nicholson","-3.2","2.5","-0.7","-0.4","2.0","3452"
"219","219","Sasha Vujacic","-0.8","0.1","-0.8","-1.2","2.7","44"
"220","220","Alexey Shved","-1.5","0.8","-0.8","-0.5","2.0","2172"
"221","221","Kyle O'Quinn","-0.0","-0.7","-0.8","-0.3","2.2","2913"
"222","222","Matthew Dellavedova","0.1","-0.9","-0.8","-0.4","2.5","3062"
"223","223","Jarvis Varnado","-1.6","0.8","-0.8","-0.7","2.7","217"
"224","224","Darius Miller","-1.7","0.9","-0.8","-0.3","2.4","1234"
"225","225","Ramon Sessions","-0.1","-0.7","-0.8","-0.9","1.5","5684"
"226","226","Glen Davis","-1.8","1.0","-0.8","-1.0","1.8","5212"
"227","227","Jeremy Lin","-1.7","0.9","-0.8","-0.6","1.7","5876"
"228","228","Malcolm Thomas","-0.5","-0.3","-0.8","-0.6","2.7","145"
"229","229","Kyle Singler","-1.4","0.6","-0.8","-0.7","1.8","6485"
"230","230","Shawn Marion","-2.0","1.2","-0.8","-1.7","1.7","6929"
"231","231","P.J. Tucker","-0.5","-0.4","-0.8","-1.1","1.9","7328"
"232","232","Martell Webster","1.0","-1.9","-0.8","-0.9","1.7","6209"
"233","233","Roger Mason","1.1","-2.0","-0.9","-1.6","1.9","928"
"234","234","Hasheem Thabeet","-2.3","1.4","-0.9","-0.9","2.3","392"
"235","235","Dwight Buycks","-0.5","-0.4","-0.9","-0.7","2.7","456"
"236","236","Justin Hamilton","-0.5","-0.4","-0.9","-0.5","2.6","18"
"237","237","Glen Rice","-1.9","0.9","-0.9","-0.4","2.7","416"
"238","238","Cartier Martin","-1.7","0.8","-1.0","-1.3","2.1","2544"
"239","239","Nick Calathes","-1.1","0.1","-1.0","-0.8","2.6","3139"
"240","240","Andre Roberson","-0.6","-0.4","-1.0","-0.4","2.7","758"
"241","241","James Anderson","-1.0","-0.0","-1.0","-0.7","1.9","7156"
"242","242","Leandro Barbosa","-0.9","-0.2","-1.1","-1.6","2.0","1384"
"243","243","Stephen Jackson","-2.0","1.0","-1.1","-2.0","1.8","422"
"244","244","Aron Baynes","-1.1","0.0","-1.1","-1.2","2.5","1309"
"245","245","Gerald Green","-1.4","0.3","-1.1","-1.3","1.7","6874"
"246","246","Elias Harris","-0.5","-0.6","-1.1","-0.9","2.7","49"
"247","247","Trey Burke","0.8","-1.9","-1.1","-0.3","2.3","5883"
"248","248","Markieff Morris","-1.0","-0.1","-1.1","-0.7","1.7","6050"
"249","249","Greg Stiemsma","-3.1","2.0","-1.1","-1.3","1.9","2538"
"250","250","James Southerland","-0.9","-0.2","-1.1","-0.7","2.7","12"
"251","251","Quincy Pondexter","-0.4","-0.7","-1.1","-0.9","1.9","993"
"252","252","Jeremy Evans","-0.9","-0.2","-1.1","-1.1","2.3","3353"
"253","253","Tony Mitchell","-0.6","-0.5","-1.1","-0.9","2.6","28"
"254","254","Allen Crabbe","-0.6","-0.6","-1.1","-0.4","2.8","229"
"255","255","Kevin Seraphin","-3.4","2.3","-1.2","-0.7","1.9","1949"
"256","256","Xavier Henry","-1.7","0.5","-1.2","-0.5","2.0","2998"
"257","257","Francisco Garcia","-2.3","1.1","-1.2","-1.8","1.8","3344"
"258","258","Alonzo Gee","-1.4","0.2","-1.2","-1.1","1.8","2842"
"259","259","Khris Middleton","1.7","-2.9","-1.2","-0.6","2.1","6723"
"260","260","Travis Outlaw","-1.0","-0.2","-1.2","-1.6","2.1","2448"
"261","261","Hamady N'Diaye","-1.2","0.0","-1.2","-1.3","2.8","282"
"262","262","Ronnie Price","-2.7","1.5","-1.2","-1.7","2.2","992"
"263","263","Mike Miller","0.3","-1.5","-1.2","-2.0","1.7","4771"
"264","264","Jamaal Franklin","-1.2","-0.1","-1.2","-0.7","2.7","567"
"265","265","Cole Aldrich","-1.0","-0.3","-1.3","-1.0","2.3","542"
"266","266","James Nunnally","-0.9","-0.3","-1.3","-0.9","2.7","208"
"267","267","Darren Collison","0.4","-1.6","-1.3","-1.2","1.6","5913"
"268","268","Ricky Ledo","-1.1","-0.2","-1.3","-0.5","2.8","129"
"269","269","Solomon Hill","-0.2","-1.1","-1.3","-0.7","2.6","566"
"270","270","Kenneth Faried","1.0","-2.3","-1.3","-0.9","1.7","6073"
"271","271","Udonis Haslem","-2.7","1.4","-1.3","-2.0","1.7","1246"
"272","272","Jeremy Lamb","-0.7","-0.6","-1.3","-0.6","2.2","5124"
"273","273","Lavoy Allen","-2.8","1.5","-1.3","-1.0","1.8","3920"
"274","274","Anthony Morrow","-0.4","-0.9","-1.3","-1.5","2.0","3308"
"275","275","Carrick Felix","-0.8","-0.6","-1.3","-0.9","2.8","113"
"276","276","Kyrie Irving","1.3","-2.6","-1.3","-0.4","1.8","8218"
"277","277","Dante Cunningham","-1.3","-0.1","-1.4","-1.3","1.7","4769"
"278","278","Dexter Pittman","-2.0","0.6","-1.4","-1.1","2.6","7"
"279","279","Josh McRoberts","-1.4","0.1","-1.4","-1.4","1.8","6925"
"280","280","Anthony Davis","0.1","-1.5","-1.4","-0.4","2.0","7234"
"281","281","Ian Mahinmi","-3.3","1.9","-1.4","-1.5","1.8","3753"
"282","282","Jodie Meeks","-0.4","-1.0","-1.4","-1.3","1.6","7681"
"283","283","Jamaal Tinsley","-1.9","0.5","-1.4","-2.3","2.1","406"
"284","284","Phil Pressey","-1.7","0.2","-1.5","-0.9","2.4","2939"
"285","285","Diante Garrett","-1.2","-0.3","-1.5","-1.4","2.4","2920"
"286","286","Victor Claver","-1.6","0.1","-1.5","-1.2","2.4","346"
"287","287","Jerryd Bayless","0.4","-1.9","-1.5","-1.3","1.7","4603"
"288","288","Miroslav Raduljica","-1.0","-0.4","-1.5","-1.5","2.6","1591"
"289","289","Willie Green","-1.3","-0.2","-1.5","-2.1","1.8","2598"
"290","290","Austin Daye","-1.6","0.1","-1.5","-1.2","2.2","149"
"291","291","Keith Bogans","-1.4","-0.1","-1.5","-2.3","2.1","209"
"292","292","Vander Blue","-1.2","-0.3","-1.5","-0.8","2.7","58"
"293","293","Omri Casspi","-2.4","0.9","-1.5","-1.3","1.8","4163"
"294","294","James Johnson","-2.2","0.6","-1.5","-1.5","1.8","2764"
"295","295","Tyler Zeller","-2.0","0.4","-1.6","-1.2","1.9","2870"
"296","296","Troy Daniels","-0.9","-0.7","-1.6","-1.0","2.6","30"
"297","297","Alan Anderson","-1.2","-0.4","-1.6","-2.2","1.8","5152"
"298","298","Reggie Evans","-0.6","-1.0","-1.6","-2.4","1.8","2040"
"299","299","Mike James","-0.8","-0.8","-1.6","-2.7","2.2","257"
"300","300","Derrick Favors","-2.1","0.4","-1.6","-0.9","1.8","6088"
"301","301","Jordan Farmar","0.5","-2.1","-1.6","-1.7","2.3","2902"
"302","302","DeJuan Blair","-1.4","-0.2","-1.6","-1.2","1.7","4130"
"303","303","Jared Cunningham","-1.4","-0.3","-1.7","-1.0","2.7","89"
"304","304","Greg Smith","-0.8","-0.9","-1.7","-1.0","2.2","397"
"305","305","Kelly Olynyk","-0.5","-1.2","-1.7","-1.1","2.3","3712"
"306","306","Beno Udrih","-1.0","-0.7","-1.7","-2.2","1.8","2240"
"307","307","Brandon Davies","-1.1","-0.6","-1.7","-1.1","2.5","1696"
"308","308","Manny Harris","-1.2","-0.5","-1.7","-1.2","2.5","707"
"309","309","Ryan Gomes","-2.2","0.5","-1.7","-2.2","2.5","137"
"310","310","Jason Collins","-2.1","0.4","-1.7","-2.6","2.4","208"
"311","311","Ronny Turiaf","-3.4","1.7","-1.7","-2.3","2.1","1870"
"312","312","Ersan Ilyasova","-0.4","-1.3","-1.7","-1.7","1.7","4961"
"313","313","Brandon Knight","-1.5","-0.2","-1.7","-1.0","1.8","6374"
"314","314","Jason Terry","-1.0","-0.8","-1.7","-2.7","1.6","2120"
"315","315","Tornike Shengelia","-1.3","-0.5","-1.7","-1.1","2.6","584"
"316","316","Rodney Stuckey","-0.1","-1.6","-1.8","-1.8","1.7","5367"
"317","317","Terrence Ross","0.2","-2.0","-1.8","-1.2","1.9","5772"
"318","318","Otto Porter","-1.6","-0.2","-1.8","-0.8","2.5","926"
"319","319","Drew Gooden","0.2","-2.0","-1.8","-2.4","2.1","187"
"320","320","Chauncey Billups","-1.2","-0.6","-1.8","-2.8","2.1","1164"
"321","321","Mike Muscala","-1.3","-0.5","-1.8","-1.2","2.6","186"
"322","322","Julyan Stone","-1.1","-0.7","-1.9","-1.6","2.6","437"
"323","323","Peyton Siva","-1.7","-0.2","-1.9","-1.5","2.7","276"
"324","324","Shane Larkin","-1.5","-0.4","-1.9","-1.1","2.5","1649"
"325","325","E'Twaun Moore","-3.0","1.0","-1.9","-1.6","1.8","4487"
"326","326","Randy Foye","-1.2","-0.7","-1.9","-2.4","1.6","7067"
"327","327","Nick Young","-1.2","-0.8","-1.9","-2.2","1.6","5553"
"328","328","Elton Brand","-1.9","-0.1","-2.0","-2.8","1.7","3738"
"329","329","Carl Landry","-0.9","-1.1","-2.0","-2.4","1.8","897"
"330","330","Evan Turner","-1.3","-0.7","-2.0","-1.8","1.7","8223"
"331","331","Miles Plumlee","-1.5","-0.5","-2.0","-1.9","2.3","5966"
"332","332","Darrell Arthur","-2.8","0.8","-2.0","-1.9","2.1","3232"
"333","333","Quincy Acy","0.2","-2.2","-2.0","-1.6","2.3","2570"
"334","334","Jon Leuer","0.2","-2.2","-2.0","-1.6","2.2","2118"
"335","335","Jonas Jerebko","-2.6","0.5","-2.1","-2.0","1.9","1459"
"336","336","Ognjen Kuzmic","-1.4","-0.7","-2.1","-1.7","2.7","238"
"337","337","Luis Scola","-3.3","1.3","-2.1","-2.8","1.7","4016"
"338","338","Ishmael Smith","-3.5","1.5","-2.1","-1.9","2.1","2925"
"339","339","Isaiah Canaan","-1.3","-0.8","-2.1","-1.5","2.8","131"
"340","340","Marcus Thornton","-1.0","-1.1","-2.1","-2.0","1.7","4780"
"341","341","Cody Zeller","-1.6","-0.5","-2.1","-1.4","2.4","4115"
"342","342","Robert Sacre","-1.0","-1.2","-2.1","-1.9","2.4","2691"
"343","343","Jordan Hamilton","-1.4","-0.8","-2.1","-1.6","2.1","3194"
"344","344","Eric Gordon","1.4","-3.5","-2.2","-2.0","2.0","7245"
"345","345","Ray Allen","0.0","-2.2","-2.2","-3.2","1.6","5288"
"346","346","Victor Oladipo","-3.0","0.9","-2.2","-1.4","2.2","7514"
"347","347","Adonis Thomas","-1.7","-0.5","-2.2","-1.2","2.6","90"
"348","348","Gorgui Dieng","-2.2","0.0","-2.2","-1.9","2.6","993"
"349","349","Luke Babbitt","-1.1","-1.1","-2.2","-1.7","2.1","708"
"350","350","Spencer Hawes","-1.5","-0.7","-2.2","-2.0","1.7","7802"
"351","351","Gerald Henderson","-2.4","0.2","-2.3","-2.2","1.7","7205"
"352","352","James Jones","-2.8","0.5","-2.3","-3.0","2.2","258"
"353","353","Lance Thomas","-2.3","0.0","-2.3","-2.0","2.2","152"
"354","354","Andrew Bynum","-2.7","0.4","-2.3","-2.1","1.9","1855"
"355","355","Jeff Green","-2.4","0.0","-2.3","-2.5","1.8","8205"
"356","356","Nando De Colo","-2.4","0.1","-2.4","-2.3","2.3","1198"
"357","357","Andris Biedrins","-2.9","0.6","-2.4","-2.4","2.3","164"
"358","358","Daniel Orton","-2.6","0.1","-2.5","-1.9","2.4","1015"
"359","359","Terrence Jones","-0.4","-2.1","-2.5","-1.8","2.1","6058"
"360","360","Gal Mekel","-1.2","-1.3","-2.5","-2.4","2.6","1127"
"361","361","Mirza Teletovic","-0.2","-2.3","-2.5","-2.8","2.2","3821"
"362","362","Viacheslav Kravtsov","-1.6","-0.9","-2.5","-2.5","2.6","240"
"363","363","Mike Scott","0.1","-2.6","-2.5","-2.4","2.2","4183"
"364","364","Orlando Johnson","-2.5","0.0","-2.5","-2.2","2.2","1377"
"365","365","Arron Afflalo","-1.5","-1.1","-2.5","-2.8","1.6","7551"
"366","366","O.J. Mayo","-2.1","-0.5","-2.6","-2.5","1.6","4865"
"367","367","John Lucas","-2.8","0.2","-2.6","-3.1","1.9","2084"
"368","368","Giannis Antetokounmpo","-0.7","-2.0","-2.6","-1.4","2.3","5164"
"369","369","Michael Carter-Williams","-2.1","-0.6","-2.6","-2.1","2.2","6961"
"370","370","Austin Rivers","-0.5","-2.2","-2.7","-1.8","2.0","3095"
"371","371","Bernard James","-1.9","-0.8","-2.7","-2.9","2.3","501"
"372","372","Tony Mitchell","-2.0","-0.7","-2.7","-1.9","2.7","168"
"373","373","Kendall Marshall","-1.1","-1.6","-2.7","-2.1","2.1","4327"
"374","374","Henry Sims","-2.6","-0.1","-2.7","-2.3","2.7","1252"
"375","375","Kendrick Perkins","-4.4","1.7","-2.7","-3.0","1.9","4217"
"376","376","Tyreke Evans","-0.1","-2.7","-2.7","-2.3","1.7","5252"
"377","377","Tyler Hansbrough","-2.9","0.1","-2.8","-2.9","1.8","2610"
"378","378","Chris Singleton","-4.2","1.4","-2.8","-2.3","2.0","830"
"379","379","Aaron Gray","-2.4","-0.4","-2.8","-3.1","2.1","1078"
"380","380","Maalik Wayns","-1.5","-1.3","-2.8","-2.0","2.6","43"
"381","381","Bradley Beal","-2.3","-0.5","-2.8","-1.8","1.9","6781"
"382","382","Ed Davis","-3.2","0.4","-2.8","-2.4","1.7","2886"
"383","383","Tobias Harris","-1.5","-1.3","-2.8","-1.9","1.9","5194"
"384","384","Jannero Pargo","-1.5","-1.3","-2.8","-3.6","2.2","741"
"385","385","Quincy Miller","-1.0","-1.8","-2.8","-2.1","2.6","1711"
"386","386","Jose Barea","-2.5","-0.4","-2.9","-3.2","1.8","4229"
"387","387","Vitor Faverani","-2.5","-0.3","-2.9","-2.8","2.4","1854"
"388","388","Doron Lamb","-1.7","-1.2","-2.9","-2.2","2.4","1512"
"389","389","Will Bynum","-2.1","-0.7","-2.9","-3.4","2.0","3122"
"390","390","Solomon Jones","-1.9","-1.0","-2.9","-3.2","2.5","304"
"391","391","Nemanja Nedovic","-1.6","-1.4","-2.9","-2.4","2.7","521"
"392","392","Brian Roberts","-2.1","-0.8","-3.0","-3.2","2.2","4680"
"393","393","Kris Humphries","-2.3","-0.7","-3.0","-3.2","1.7","4049"
"394","394","Jose Calderon","-0.1","-2.8","-3.0","-3.6","1.6","7503"
"395","395","Rudy Gobert","-3.4","0.5","-3.0","-2.2","2.6","1442"
"396","396","Jonas Valanciunas","-1.3","-1.7","-3.0","-2.1","1.9","6167"
"397","397","Tristan Thompson","-1.5","-1.5","-3.0","-2.3","1.7","7810"
"398","398","Marco Belinelli","0.0","-3.0","-3.0","-3.1","1.5","5934"
"399","399","Cory Joseph","-0.8","-2.3","-3.0","-2.3","2.1","2695"
"400","400","Jordan Crawford","-1.0","-2.1","-3.0","-2.8","1.6","6122"
"401","401","Thomas Robinson","-1.2","-1.8","-3.1","-2.4","2.1","2282"
"402","402","Rashard Lewis","-2.7","-0.5","-3.1","-4.0","2.0","2760"
"403","403","Brandon Rush","-1.2","-1.9","-3.2","-3.3","2.1","1493"
"404","404","Trevor Booker","-0.0","-3.1","-3.2","-3.1","1.9","4027"
"405","405","Brandon Bass","-2.2","-1.0","-3.2","-3.4","1.6","6610"
"406","406","Royal Ivey","-2.8","-0.4","-3.2","-3.8","2.3","14"
"407","407","DeAndre Liggins","-2.9","-0.2","-3.2","-3.0","2.5","6"
"408","408","Erik Murphy","-2.4","-0.7","-3.2","-2.8","2.7","216"
"409","409","Darius Morris","-3.7","0.5","-3.2","-2.5","2.2","1181"
"410","410","Jeremy Tyler","-1.8","-1.5","-3.4","-2.5","2.4","1045"
"411","411","Will Barton","-3.2","-0.2","-3.4","-2.8","2.2","650"
"412","412","Luke Ridnour","-2.2","-1.2","-3.4","-4.1","1.7","3119"
"413","413","Jordan Hill","-2.2","-1.2","-3.4","-3.4","1.9","4418"
"414","414","Ben Gordon","-1.5","-1.9","-3.4","-3.8","1.8","1062"
"415","415","Alex Len","-2.2","-1.2","-3.4","-2.5","2.6","1011"
"416","416","Harrison Barnes","-2.8","-0.6","-3.4","-2.6","1.9","6501"
"417","417","Steven Adams","-1.5","-2.0","-3.5","-2.5","2.4","3540"
"418","418","Richard Jefferson","-2.1","-1.3","-3.5","-4.2","1.7","6264"
"419","419","Derrick Williams","-2.5","-1.0","-3.5","-2.7","1.7","5372"
"420","420","Shabazz Muhammad","-2.4","-1.1","-3.5","-2.7","2.7","735"
"421","421","Jarrett Jack","-2.8","-0.7","-3.5","-4.0","1.6","6130"
"422","422","Jan Vesely","-3.7","0.2","-3.5","-2.9","2.0","2015"
"423","423","Arnett Moultrie","-1.1","-2.5","-3.5","-3.0","2.6","689"
"424","424","Wesley Johnson","-2.8","-0.7","-3.6","-3.5","1.7","7217"
"425","425","John Jenkins","-2.3","-1.3","-3.6","-3.0","2.1","617"
"426","426","Shannon Brown","-2.9","-0.8","-3.7","-3.8","1.9","572"
"427","427","JaVale McGee","-2.7","-1.0","-3.7","-3.5","1.8","324"
"428","428","MarShon Brooks","-2.1","-1.6","-3.7","-3.3","2.0","1076"
"429","429","Hollis Thompson","-1.3","-2.4","-3.7","-3.1","2.3","4859"
"430","430","Louis Amundson","-2.3","-1.4","-3.7","-4.2","2.2","672"
"431","431","Carlos Boozer","-2.8","-1.0","-3.8","-4.4","1.7","5975"
"432","432","Nazr Mohammed","-4.4","0.5","-3.9","-4.8","2.0","1544"
"433","433","Michael Beasley","-2.1","-1.8","-3.9","-3.6","1.7","2463"
"434","434","Caron Butler","-1.4","-2.5","-3.9","-4.7","1.8","3328"
"435","435","Dorell Wright","-2.2","-1.7","-3.9","-4.1","1.7","2630"
"436","436","Kent Bazemore","-3.0","-1.1","-4.1","-3.8","2.5","2246"
"437","437","Gary Neal","-0.4","-3.7","-4.1","-4.5","1.7","2842"
"438","438","Ben McLemore","-1.7","-2.4","-4.1","-3.2","2.2","5786"
"439","439","Anthony Randolph","-3.8","-0.5","-4.3","-3.9","2.2","1639"
"440","440","Marquis Teague","-3.7","-0.6","-4.3","-3.2","2.5","1258"
"441","441","Jimmer Fredette","-1.0","-3.2","-4.3","-3.9","1.9","1762"
"442","442","Rasual Butler","-3.4","-0.9","-4.3","-5.2","2.5","860"
"443","443","D.J. Augustin","-1.8","-2.5","-4.4","-4.3","1.7","4901"
"444","444","Sergey Karasev","-3.4","-1.0","-4.4","-3.4","2.8","577"
"445","445","Dennis Schroeder","-2.3","-2.3","-4.6","-3.7","2.6","1552"
"446","446","Aaron Brooks","-1.1","-3.5","-4.6","-4.9","2.1","3561"
"447","447","Jeff Taylor","-4.3","-0.3","-4.6","-4.3","1.9","2411"
"448","448","Andrea Bargnani","-2.8","-1.9","-4.7","-4.9","1.8","4615"
"449","449","Enes Kanter","-3.0","-1.7","-4.7","-3.8","1.9","5884"
"450","450","Maurice Harkless","-2.9","-1.8","-4.8","-3.7","1.9","5411"
"451","451","Amare Stoudemire","-3.7","-1.2","-4.8","-5.4","1.8","3673"
"452","452","Meyers Leonard","-3.0","-1.9","-4.8","-4.0","2.2","963"
"453","453","Anthony Bennett","-2.9","-2.0","-5.0","-4.0","2.4","2522"
"454","454","J.J. Hickson","-4.3","-0.7","-5.0","-4.8","1.6","6640"
"455","455","Brandon Jennings","-2.1","-2.9","-5.0","-4.6","1.6","8247"
"456","456","Bismack Biyombo","-3.6","-1.4","-5.0","-4.1","1.7","3241"
"457","457","Tim Hardaway","-1.9","-3.2","-5.1","-4.4","2.4","5337"
"458","458","Tony Wroten","-3.3","-2.2","-5.5","-4.5","2.1","5421"
"459","459","Tony Snell","-3.5","-2.1","-5.6","-5.0","2.4","3785"
"460","460","Donald Sloan","-3.8","-1.8","-5.6","-5.4","2.3","651"
"461","461","Earl Clark","-4.3","-1.4","-5.7","-5.6","1.8","2796"
"462","462","Archie Goodwin","-4.2","-1.6","-5.8","-4.6","2.6","1827"
"463","463","Eric Maynor","-2.5","-3.3","-5.8","-5.7","2.0","1164"
"464","464","Marreese Speights","-5.1","-0.8","-5.8","-5.7","1.8","2833"
"465","465","Elliot Williams","-4.2","-1.8","-6.0","-5.7","2.5","2906"
"466","466","John Henson","-3.9","-2.1","-6.1","-5.5","2.0","5006"
"467","467","Tyshawn Taylor","-2.6","-3.4","-6.1","-5.6","2.6","1015"
"468","468","Byron Mullens","-1.8","-4.5","-6.3","-5.9","1.8","991"
